{"N1": {"document-sentence-token-level": {"max_size_aux_verbs": 2.099999999999998, "max_size_passive": 2.1999999999999957, "max_size_named_entities": 9.299999999999994, "max_size_np_pp_modifiers": 18.0, "max_size_subordination": 25.99999999999998, "max_size_coordination": 5.499999999999989}, "document-document-token-level": {"total_token_ratio_aux_verbs": 0.14352941176470577, "total_token_ratio_passive": 0.038351611831173055, "total_token_ratio_named_entities": 0.2981880931837787, "total_token_ratio_subordination": 0.5424019607843137, "ratio_clitic_per_token": 0.17631578947368398, "ratio_post_clitic_pronouns_per_token": 0.07149122807017541, "ratio_pre_clitic_pronouns_per_token": 0.1604747162022703, "ratio_named_entities_per_token": 0.12905070529927562, "ratio_aux_verbs_per_token": 0.06294117647058815, "ratio_subordination_per_token": 0.08308823529411755, "ratio_passive_per_token": 0.01721502160186108, "sophisticated_ratio": 0.6547287744623855, "concrete_ratio": 0.7311647173489276, "hapax_legomena_lemma_ratio": 0.65586569579288, "ratio_aux_verbs_per_verb": 0.6999999999999993, "ratio_subordination_per_verb": 1.049999999999999, "ratio_passive_per_verb": 0.13249999999999984, "ratio_coordination_per_token": 0.07985955056179765, "total_token_ratio_coordination": 0.17246688741721852}, "sentence-sentence-sentence-level": {"parse_depth": 8.0, "words_after_verb": 5.0, "words_before_verb": 4.0, "sentence_length": 35.19999999999999}, "document-document-document-level": {"word_count": 190.49999999999986, "sentence_count": 22.299999999999994, "lexical_diversity": 1.0}, "token-token-token-level-high": {"word_length": 9.0, "word_syllables": 2.0, "ortho_neighbors": 46.0, "ortho_neighbors_+freq_cum": 86631.11, "age_of_acquisition": 7.05784204671858, "complexity": 4.0}, "token-token-token-level-low": {"familiarity": 4.39285714285714, "lexical_frequency": 1e-10}}, "N2": {"document-sentence-token-level": {"max_size_aux_verbs": 3.0, "max_size_passive": 3.0, "max_size_named_entities": 8.0, "max_size_np_pp_modifiers": 18.0, "max_size_subordination": 27.799999999999955, "max_size_coordination": 5.0}, "document-document-token-level": {"total_token_ratio_aux_verbs": 0.11364618442658364, "total_token_ratio_passive": 0.02092105263157894, "total_token_ratio_named_entities": 0.2599137931034481, "total_token_ratio_subordination": 0.556665461121157, "ratio_clitic_per_token": 0.1296079036739733, "ratio_post_clitic_pronouns_per_token": 0.011850527108433727, "ratio_pre_clitic_pronouns_per_token": 0.1264223850766156, "ratio_named_entities_per_token": 0.11538461538461539, "ratio_aux_verbs_per_token": 0.054740299023420556, "ratio_subordination_per_token": 0.08958892553109897, "ratio_passive_per_token": 0.010445804195804194, "sophisticated_ratio": 0.6668760110381576, "concrete_ratio": 0.7149534272748983, "hapax_legomena_lemma_ratio": 0.5119764011799408, "ratio_aux_verbs_per_verb": 0.5072765072765061, "ratio_subordination_per_verb": 0.845176470588235, "ratio_passive_per_verb": 0.125, "ratio_coordination_per_token": 0.06872906403940886, "total_token_ratio_coordination": 0.09043085923942684}, "sentence-sentence-sentence-level": {"parse_depth": 7.0, "words_after_verb": 4.0, "words_before_verb": 4.0, "sentence_length": 32.0}, "document-document-document-level": {"word_count": 307.79999999999995, "sentence_count": 31.399999999999977, "lexical_diversity": 1.0}, "token-token-token-level-high": {"word_length": 9.0, "word_syllables": 3.0, "ortho_neighbors": 46.0, "ortho_neighbors_+freq_cum": 86631.11, "age_of_acquisition": 6.81090100111235, "complexity": 4.0}, "token-token-token-level-low": {"familiarity": 4.13000011444092, "lexical_frequency": 1e-10}}, "N3": {"document-sentence-token-level": {"max_size_aux_verbs": 3.0, "max_size_passive": 3.0, "max_size_named_entities": 8.0, "max_size_np_pp_modifiers": 19.0, "max_size_subordination": 44.14999999999998, "max_size_coordination": 6.0}, "document-document-token-level": {"total_token_ratio_aux_verbs": 0.08744245524296668, "total_token_ratio_passive": 0.020311921510551643, "total_token_ratio_named_entities": 0.2222368421052627, "total_token_ratio_subordination": 0.6422309978104471, "ratio_clitic_per_token": 0.12033333333333328, "ratio_post_clitic_pronouns_per_token": 0.01139119252571908, "ratio_pre_clitic_pronouns_per_token": 0.11534172661870501, "ratio_named_entities_per_token": 0.09679214177771654, "ratio_aux_verbs_per_token": 0.041661671037841845, "ratio_subordination_per_token": 0.10169580158374418, "ratio_passive_per_token": 0.009936111854428682, "sophisticated_ratio": 0.6642241379310344, "concrete_ratio": 0.6663371818342879, "hapax_legomena_lemma_ratio": 0.49545989179016703, "ratio_aux_verbs_per_verb": 0.4688888888888886, "ratio_subordination_per_verb": 0.875, "ratio_passive_per_verb": 0.11682692307692287, "ratio_coordination_per_token": 0.07015573770491801, "total_token_ratio_coordination": 0.1172940747683014}, "sentence-sentence-sentence-level": {"parse_depth": 8.0, "words_after_verb": 4.0, "words_before_verb": 4.0, "sentence_length": 39.0}, "document-document-document-level": {"word_count": 335.15, "sentence_count": 29.0, "lexical_diversity": 1.0}, "token-token-token-level-high": {"word_length": 10.0, "word_syllables": 3.0, "ortho_neighbors": 24.0, "ortho_neighbors_+freq_cum": 86631.11, "age_of_acquisition": 6.88876529477197, "complexity": 4.0}, "token-token-token-level-low": {"familiarity": 4.04, "lexical_frequency": 1e-10}}, "N4": {"document-sentence-token-level": {"max_size_aux_verbs": 3.0, "max_size_passive": 3.0, "max_size_named_entities": 5.0, "max_size_np_pp_modifiers": 15.899999999999999, "max_size_subordination": 51.599999999999994, "max_size_coordination": 5.449999999999999}, "document-document-token-level": {"total_token_ratio_aux_verbs": 0.05987629488082067, "total_token_ratio_passive": 0.021653877261160314, "total_token_ratio_named_entities": 0.13670406461639684, "total_token_ratio_subordination": 0.6657733363615715, "ratio_clitic_per_token": 0.1097429210134128, "ratio_post_clitic_pronouns_per_token": 0.008351509837233513, "ratio_pre_clitic_pronouns_per_token": 0.1097429210134128, "ratio_named_entities_per_token": 0.08025098238052986, "ratio_aux_verbs_per_token": 0.028251030875993156, "ratio_subordination_per_token": 0.1086512983571807, "ratio_passive_per_token": 0.00940218570611327, "sophisticated_ratio": 0.6293270060396893, "concrete_ratio": 0.6251544357122627, "hapax_legomena_lemma_ratio": 0.5467006850272613, "ratio_aux_verbs_per_verb": 0.3380208333333333, "ratio_subordination_per_verb": 0.9312499999999999, "ratio_passive_per_verb": 0.13011363636363635, "ratio_coordination_per_token": 0.054017006304060984, "total_token_ratio_coordination": 0.0812475518997258}, "sentence-sentence-sentence-level": {"parse_depth": 9.0, "words_after_verb": 4.0, "words_before_verb": 4.0, "sentence_length": 49.0}, "document-document-document-level": {"word_count": 327.35, "sentence_count": 22.349999999999998, "lexical_diversity": 1.0}, "token-token-token-level-high": {"word_length": 10.0, "word_syllables": 3.0, "ortho_neighbors": 19.0, "ortho_neighbors_+freq_cum": 86631.11, "age_of_acquisition": 7.23915461624027, "complexity": 4.0}, "token-token-token-level-low": {"familiarity": 4.04, "lexical_frequency": 1e-10}}}