{"N1": {"sentence-sentence-token-level": {"max_size_aux_verbs": 2.0, "max_size_passive": 3.6, "max_size_named_entities": 4.0, "max_size_np_pp_modifiers": 9.0, "max_size_subordination": 11.0, "max_size_coordination": 3.0}, "document-document-token-level": {"total_token_ratio_aux_verbs": 0.10880691259554667, "total_token_ratio_passive": 0.01270558694287506, "total_token_ratio_named_entities": 0.24850878925538214, "total_token_ratio_subordination": 0.46182170542635653, "ratio_clitic_per_token": 0.1588235294117647, "ratio_post_clitic_pronouns_per_token": 0.04793339280404399, "ratio_pre_clitic_pronouns_per_token": 0.12706632892391403, "ratio_named_entities_per_token": 0.1219669375175119, "ratio_aux_verbs_per_token": 0.05244267198404785, "ratio_subordination_per_token": 0.07124183006535947, "ratio_passive_per_token": 0.00635279347143753, "sophisticated_ratio": 0.6507254281662486, "concrete_ratio": 0.6838596491228071, "hapax_legomena_lemma_ratio": 0.6265159955435302, "ratio_aux_verbs_per_verb": 0.6133333333333333, "ratio_subordination_per_verb": 0.7999999999999998, "ratio_passive_per_verb": 0.06309523809523804, "ratio_coordination_per_token": 0.07327814569536423, "total_token_ratio_coordination": 0.1602797827219287}, "sentence-sentence-sentence-level": {"parse_depth": 6.0, "words_after_verb": 4.0, "words_before_verb": 3.0, "sentence_length": 25.200000000000017}, "document-document-document-level": {"word_count": 167.2, "sentence_count": 21.2, "lexical_diversity": 1.0}, "token-token-token-level-high": {"word_length": 7.0, "word_syllables": 2.0, "ortho_neighbors": 19.0, "ortho_neighbors_+freq_cum": 78070.8, "age_of_acquisition": 5.99221357063404, "complexity": 3.0}, "token-token-token-level-low": {"familiarity": 4.85714285714286, "lexical_frequency": 23.45}}, "N2": {"sentence-sentence-token-level": {"max_size_aux_verbs": 2.0, "max_size_passive": 3.0, "max_size_named_entities": 3.400000000000091, "max_size_np_pp_modifiers": 5.0, "max_size_subordination": 15.0, "max_size_coordination": 2.0}, "document-document-token-level": {"total_token_ratio_aux_verbs": 0.08634010354440462, "total_token_ratio_passive": 0.014641319750808802, "total_token_ratio_named_entities": 0.19588477366255153, "total_token_ratio_subordination": 0.46867306387515756, "ratio_clitic_per_token": 0.11396378269617707, "ratio_post_clitic_pronouns_per_token": 0.008620971967513756, "ratio_pre_clitic_pronouns_per_token": 0.11298545765611641, "ratio_named_entities_per_token": 0.09445614035087721, "ratio_aux_verbs_per_token": 0.04131071190951434, "ratio_subordination_per_token": 0.08128575544305883, "ratio_passive_per_token": 0.007190767409745518, "sophisticated_ratio": 0.6170739753838346, "concrete_ratio": 0.6376175548589342, "hapax_legomena_lemma_ratio": 0.46162597533350114, "ratio_aux_verbs_per_verb": 0.37368421052631584, "ratio_subordination_per_verb": 0.7701818181818183, "ratio_passive_per_verb": 0.08872727272727285, "ratio_coordination_per_token": 0.05995747696669031, "total_token_ratio_coordination": 0.07639639639639641}, "sentence-sentence-sentence-level": {"parse_depth": 6.0, "words_after_verb": 4.0, "words_before_verb": 3.0, "sentence_length": 25.0}, "document-document-document-level": {"word_count": 291.8, "sentence_count": 27.0, "lexical_diversity": 0.9992578187761433}, "token-token-token-level-high": {"word_length": 8.0, "word_syllables": 2.0, "ortho_neighbors": 19.0, "ortho_neighbors_+freq_cum": 61689.729999999996, "age_of_acquisition": 5.9928809788654105, "complexity": 3.0}, "token-token-token-level-low": {"familiarity": 4.63, "lexical_frequency": 16.28}}, "N3": {"sentence-sentence-token-level": {"max_size_aux_verbs": 2.0, "max_size_passive": 3.0, "max_size_named_entities": 4.0, "max_size_np_pp_modifiers": 6.0, "max_size_subordination": 20.0, "max_size_coordination": 2.0}, "document-document-token-level": {"total_token_ratio_aux_verbs": 0.07545749513303053, "total_token_ratio_passive": 0.016992611907866148, "total_token_ratio_named_entities": 0.16946581828943474, "total_token_ratio_subordination": 0.5766825154242374, "ratio_clitic_per_token": 0.1045015067805124, "ratio_post_clitic_pronouns_per_token": 0.008870103583759975, "ratio_pre_clitic_pronouns_per_token": 0.10172536283365473, "ratio_named_entities_per_token": 0.08046364485011928, "ratio_aux_verbs_per_token": 0.03700047106854048, "ratio_subordination_per_token": 0.08444280598272595, "ratio_passive_per_token": 0.007788561313556737, "sophisticated_ratio": 0.5809041835357626, "concrete_ratio": 0.6229481173000174, "hapax_legomena_lemma_ratio": 0.4505511891395326, "ratio_aux_verbs_per_verb": 0.35503685503685517, "ratio_subordination_per_verb": 0.8197860962566845, "ratio_passive_per_verb": 0.08100000000000004, "ratio_coordination_per_token": 0.05400955578512398, "total_token_ratio_coordination": 0.07986854460093896}, "sentence-sentence-sentence-level": {"parse_depth": 7.0, "words_after_verb": 4.0, "words_before_verb": 4.0, "sentence_length": 32.0}, "document-document-document-level": {"word_count": 316.3, "sentence_count": 26.0, "lexical_diversity": 1.0}, "token-token-token-level-high": {"word_length": 8.0, "word_syllables": 2.0, "ortho_neighbors": 19.0, "ortho_neighbors_+freq_cum": 61689.729999999996, "age_of_acquisition": 5.99221357063404, "complexity": 3.0}, "token-token-token-level-low": {"familiarity": 4.54, "lexical_frequency": 13.65}}, "N4": {"sentence-sentence-token-level": {"max_size_aux_verbs": 2.0, "max_size_passive": 3.0, "max_size_named_entities": 3.0, "max_size_np_pp_modifiers": 7.0, "max_size_subordination": 26.0, "max_size_coordination": 2.0}, "document-document-token-level": {"total_token_ratio_aux_verbs": 0.04457128977410736, "total_token_ratio_passive": 0.016384533143264435, "total_token_ratio_named_entities": 0.11560908734821779, "total_token_ratio_subordination": 0.590337082613448, "ratio_clitic_per_token": 0.1057076619301153, "ratio_post_clitic_pronouns_per_token": 0.005385075818036716, "ratio_pre_clitic_pronouns_per_token": 0.10305808935168027, "ratio_named_entities_per_token": 0.07530923206164368, "ratio_aux_verbs_per_token": 0.02228564488705368, "ratio_subordination_per_token": 0.09067894131185271, "ratio_passive_per_token": 0.008192266571632217, "sophisticated_ratio": 0.5567927820478842, "concrete_ratio": 0.5630074624397879, "hapax_legomena_lemma_ratio": 0.4171425489067894, "ratio_aux_verbs_per_verb": 0.28021978021978033, "ratio_subordination_per_verb": 0.8402476780185758, "ratio_passive_per_verb": 0.09015151515151516, "ratio_coordination_per_token": 0.050452828060677836, "total_token_ratio_coordination": 0.07391370321797473}, "sentence-sentence-sentence-level": {"parse_depth": 8.0, "words_after_verb": 4.0, "words_before_verb": 4.0, "sentence_length": 39.0}, "document-document-document-level": {"word_count": 314.9, "sentence_count": 20.900000000000002, "lexical_diversity": 1.0}, "token-token-token-level-high": {"word_length": 9.0, "word_syllables": 3.0, "ortho_neighbors": 19.0, "ortho_neighbors_+freq_cum": 61689.729999999996, "age_of_acquisition": 5.95357142857143, "complexity": 3.0}, "token-token-token-level-low": {"familiarity": 4.56, "lexical_frequency": 19.433000000000025}}}