{"N1": {"sentence-token-level": {"max_size_aux_verbs": 2.0, "max_size_passive": 0.5999999999999979, "max_size_named_entities": 4.0, "max_size_np_pp_modifiers": 17.0, "max_size_subordination": 13.399999999999991, "max_size_coordination": 3.299999999999999}, "document-token-level": {"total_token_ratio_aux_verbs": 0.0888418079096045, "total_token_ratio_passive": 0.0022222222222222144, "total_token_ratio_named_entities": 0.21880078453348273, "total_token_ratio_subordination": 0.32190240182996555, "ratio_clitic_per_token": 0.15383848454636093, "ratio_post_clitic_pronouns_per_token": 0.031328885683375385, "ratio_pre_clitic_pronouns_per_token": 0.11300381153191143, "ratio_named_entities_per_token": 0.10982878883956879, "ratio_aux_verbs_per_token": 0.04442090395480225, "ratio_subordination_per_token": 0.057129629629629614, "ratio_passive_per_token": 0.0011111111111111072, "sophisticated_ratio": 0.6346805147888914, "concrete_ratio": 0.5593627450980391, "hapax_legomena_lemma_ratio": 0.614003889969436, "ratio_aux_verbs_per_verb": 0.4424999999999998, "ratio_subordination_per_verb": 0.75, "ratio_passive_per_verb": 0.014285714285714235, "ratio_coordination_per_token": 0.05869640989891946, "total_token_ratio_coordination": 0.09602822053828054}, "sentence-level": {"parse_depth": 5.0, "words_after_verb": 3.0, "words_before_verb": 3.0, "sentence_length": 18.599999999999994}, "document-document-level": {"word_count": 146.2, "sentence_count": 18.199999999999996, "lexical_diversity": 1.0}, "token-level-high": {"word_length": 7.0, "word_syllables": 2.0, "ortho_neighbors": 18.0, "ortho_neighbors_+freq_cum": 73133.47000000002, "age_of_acquisition": 5.78420467185762, "complexity": 2.0}, "token-level-low": {"familiarity": 5.08, "lexical_frequency": 1e-10}}, "N2": {"sentence-token-level": {"max_size_aux_verbs": 2.0, "max_size_passive": 2.0, "max_size_named_entities": 6.0, "max_size_np_pp_modifiers": 11.0, "max_size_subordination": 22.0, "max_size_coordination": 3.0}, "document-token-level": {"total_token_ratio_aux_verbs": 0.05993083003952565, "total_token_ratio_passive": 0.011876604254917088, "total_token_ratio_named_entities": 0.1617119966266076, "total_token_ratio_subordination": 0.41828908554572264, "ratio_clitic_per_token": 0.10220637027206371, "ratio_post_clitic_pronouns_per_token": 0.005807709409310119, "ratio_pre_clitic_pronouns_per_token": 0.0991496896464499, "ratio_named_entities_per_token": 0.08647684293156355, "ratio_aux_verbs_per_token": 0.03086538461538461, "ratio_subordination_per_token": 0.07433117502384179, "ratio_passive_per_token": 0.00547048579835465, "sophisticated_ratio": 0.5833333333333334, "concrete_ratio": 0.5945661838803374, "hapax_legomena_lemma_ratio": 0.42794117647058816, "ratio_aux_verbs_per_verb": 0.2942028985507245, "ratio_subordination_per_verb": 0.7158730158730158, "ratio_passive_per_verb": 0.057252747252747246, "ratio_coordination_per_token": 0.05244953438602579, "total_token_ratio_coordination": 0.06696969696969696}, "sentence-level": {"parse_depth": 6.0, "words_after_verb": 3.0, "words_before_verb": 3.0, "sentence_length": 22.0}, "document-document-level": {"word_count": 266.2, "sentence_count": 24.19999999999999, "lexical_diversity": 0.9963465591645765}, "token-level-high": {"word_length": 7.0, "word_syllables": 2.0, "ortho_neighbors": 19.0, "ortho_neighbors_+freq_cum": 61689.729999999996, "age_of_acquisition": 5.85094549499444, "complexity": 3.0}, "token-level-low": {"familiarity": 4.94999980926514, "lexical_frequency": 1e-10}}, "N3": {"sentence-token-level": {"max_size_aux_verbs": 2.0, "max_size_passive": 2.0, "max_size_named_entities": 6.0, "max_size_np_pp_modifiers": 12.449999999999989, "max_size_subordination": 32.44999999999999, "max_size_coordination": 4.0}, "document-token-level": {"total_token_ratio_aux_verbs": 0.06461457970003485, "total_token_ratio_passive": 0.014221299017124326, "total_token_ratio_named_entities": 0.13617142485106937, "total_token_ratio_subordination": 0.5048785172380678, "ratio_clitic_per_token": 0.096799608514803, "ratio_post_clitic_pronouns_per_token": 0.005050505050505051, "ratio_pre_clitic_pronouns_per_token": 0.09236994638458194, "ratio_named_entities_per_token": 0.07170820267370852, "ratio_aux_verbs_per_token": 0.03144244746927447, "ratio_subordination_per_token": 0.07935006101536249, "ratio_passive_per_token": 0.006403090580305769, "sophisticated_ratio": 0.5545718637184115, "concrete_ratio": 0.5732812226657549, "hapax_legomena_lemma_ratio": 0.4178763440860215, "ratio_aux_verbs_per_verb": 0.3139802631578947, "ratio_subordination_per_verb": 0.75, "ratio_passive_per_verb": 0.07007389162561574, "ratio_coordination_per_token": 0.050400228702115496, "total_token_ratio_coordination": 0.06636363636363636}, "sentence-level": {"parse_depth": 6.0, "words_after_verb": 3.0, "words_before_verb": 3.0, "sentence_length": 27.0}, "document-document-level": {"word_count": 303.9, "sentence_count": 22.0, "lexical_diversity": 0.9982703532562407}, "token-level-high": {"word_length": 7.0, "word_syllables": 2.0, "ortho_neighbors": 19.0, "ortho_neighbors_+freq_cum": 61689.729999999996, "age_of_acquisition": 5.78420467185762, "complexity": 3.0}, "token-level-low": {"familiarity": 4.92857142857143, "lexical_frequency": 1e-10}}, "N4": {"sentence-token-level": {"max_size_aux_verbs": 2.0, "max_size_passive": 2.0, "max_size_named_entities": 5.0, "max_size_np_pp_modifiers": 11.0, "max_size_subordination": 42.349999999999994, "max_size_coordination": 4.0}, "document-token-level": {"total_token_ratio_aux_verbs": 0.04252831567409572, "total_token_ratio_passive": 0.015126811594202894, "total_token_ratio_named_entities": 0.1042054111989803, "total_token_ratio_subordination": 0.5683077401950611, "ratio_clitic_per_token": 0.10350342261096322, "ratio_post_clitic_pronouns_per_token": 0.003530701754385965, "ratio_pre_clitic_pronouns_per_token": 0.10187428695604932, "ratio_named_entities_per_token": 0.05568068068068067, "ratio_aux_verbs_per_token": 0.02057165861513687, "ratio_subordination_per_token": 0.08771047754248984, "ratio_passive_per_token": 0.006556964573268916, "sophisticated_ratio": 0.4913117519735166, "concrete_ratio": 0.5495779995864584, "hapax_legomena_lemma_ratio": 0.4027195537305831, "ratio_aux_verbs_per_verb": 0.2284965034965035, "ratio_subordination_per_verb": 0.8132352941176471, "ratio_passive_per_verb": 0.07916666666666665, "ratio_coordination_per_token": 0.04863842226613965, "total_token_ratio_coordination": 0.06173401734669478}, "sentence-level": {"parse_depth": 7.0, "words_after_verb": 3.0, "words_before_verb": 3.0, "sentence_length": 34.0}, "document-document-level": {"word_count": 314.0, "sentence_count": 19.349999999999998, "lexical_diversity": 0.9985930735930737}, "token-level-high": {"word_length": 8.0, "word_syllables": 2.0, "ortho_neighbors": 19.0, "ortho_neighbors_+freq_cum": 61689.729999999996, "age_of_acquisition": 5.78420467185762, "complexity": 3.0}, "token-level-low": {"familiarity": 4.92857142857143, "lexical_frequency": 1e-10}}}