{"N1": {"sentence-token-level": {"max_size_aux_verbs": 2.0, "max_size_passive": 0.0, "max_size_named_entities": 3.5999999999999996, "max_size_np_pp_modifiers": 9.6, "max_size_subordination": 10.6, "max_size_coordination": 2.0}, "document-token-level": {"total_token_ratio_aux_verbs": 0.04893564962074871, "total_token_ratio_passive": 0.0, "total_token_ratio_named_entities": 0.19766990291262138, "total_token_ratio_subordination": 0.22998283051263183, "ratio_clitic_per_token": 0.10880737196526669, "ratio_post_clitic_pronouns_per_token": 0.0, "ratio_pre_clitic_pronouns_per_token": 0.08888888888888888, "ratio_named_entities_per_token": 0.08146067415730336, "ratio_aux_verbs_per_token": 0.024467824810374354, "ratio_subordination_per_token": 0.03500611995104039, "ratio_passive_per_token": 0.0, "sophisticated_ratio": 0.5679911086412892, "concrete_ratio": 0.4624153582855867, "hapax_legomena_lemma_ratio": 0.5521379636191827, "ratio_aux_verbs_per_verb": 0.21333333333333332, "ratio_subordination_per_verb": 0.6608695652173913, "ratio_passive_per_verb": 0.0, "ratio_coordination_per_token": 0.039881560138860524, "total_token_ratio_coordination": 0.04728597449908925}, "sentence-level": {"parse_depth": 4.0, "words_after_verb": 3.0, "words_before_verb": 2.0, "sentence_length": 11.599999999999994}, "document-document-level": {"word_count": 96.6, "sentence_count": 6.0, "lexical_diversity": 0.982175925925926}, "token-level-high": {"word_length": 5.0, "word_syllables": 1.0, "ortho_neighbors": 15.0, "ortho_neighbors_+freq_cum": 26951.099999999726, "age_of_acquisition": 4.88765294771969, "complexity": 1.0}, "token-level-low": {"familiarity": 6.0, "lexical_frequency": 1e-10}}, "N2": {"sentence-token-level": {"max_size_aux_verbs": 2.0, "max_size_passive": 1.3999999999999773, "max_size_named_entities": 4.0, "max_size_np_pp_modifiers": 8.0, "max_size_subordination": 17.0, "max_size_coordination": 2.0}, "document-token-level": {"total_token_ratio_aux_verbs": 0.04411127607272373, "total_token_ratio_passive": 0.006377566594086404, "total_token_ratio_named_entities": 0.11323697223278811, "total_token_ratio_subordination": 0.344912985274431, "ratio_clitic_per_token": 0.08103056327355393, "ratio_post_clitic_pronouns_per_token": 0.0026098131160539723, "ratio_pre_clitic_pronouns_per_token": 0.07730649412892401, "ratio_named_entities_per_token": 0.0647011551983927, "ratio_aux_verbs_per_token": 0.022055638036361864, "ratio_subordination_per_token": 0.06329156223893065, "ratio_passive_per_token": 0.00301601742342789, "sophisticated_ratio": 0.5050413368513632, "concrete_ratio": 0.5304664843814731, "hapax_legomena_lemma_ratio": 0.3638039379974864, "ratio_aux_verbs_per_verb": 0.2, "ratio_subordination_per_verb": 0.6, "ratio_passive_per_verb": 0.03068181818181816, "ratio_coordination_per_token": 0.041666666666666664, "total_token_ratio_coordination": 0.05226504651604328}, "sentence-level": {"parse_depth": 5.0, "words_after_verb": 3.0, "words_before_verb": 2.0, "sentence_length": 16.0}, "document-document-level": {"word_count": 224.39999999999998, "sentence_count": 19.0, "lexical_diversity": 0.9899346041368124}, "token-level-high": {"word_length": 5.0, "word_syllables": 1.0, "ortho_neighbors": 15.0, "ortho_neighbors_+freq_cum": 19149.1, "age_of_acquisition": 5.24471635150167, "complexity": 1.0}, "token-level-low": {"familiarity": 5.85714285714286, "lexical_frequency": 1e-10}}, "N3": {"sentence-token-level": {"max_size_aux_verbs": 2.0, "max_size_passive": 2.0, "max_size_named_entities": 4.0, "max_size_np_pp_modifiers": 9.0, "max_size_subordination": 27.0, "max_size_coordination": 3.0}, "document-token-level": {"total_token_ratio_aux_verbs": 0.04050302561014078, "total_token_ratio_passive": 0.007541516500600663, "total_token_ratio_named_entities": 0.09690674053554939, "total_token_ratio_subordination": 0.4386105340339728, "ratio_clitic_per_token": 0.06415654664050484, "ratio_post_clitic_pronouns_per_token": 0.0031539116633762993, "ratio_pre_clitic_pronouns_per_token": 0.061218248767396864, "ratio_named_entities_per_token": 0.05733173451272307, "ratio_aux_verbs_per_token": 0.02025151280507039, "ratio_subordination_per_token": 0.06823550465282749, "ratio_passive_per_token": 0.0035174461402561704, "sophisticated_ratio": 0.49824841209882753, "concrete_ratio": 0.5123197115384613, "hapax_legomena_lemma_ratio": 0.3539658678928287, "ratio_aux_verbs_per_verb": 0.2217391304347825, "ratio_subordination_per_verb": 0.6666666666666666, "ratio_passive_per_verb": 0.034367816091953995, "ratio_coordination_per_token": 0.039339967069940585, "total_token_ratio_coordination": 0.05199877675840978}, "sentence-level": {"parse_depth": 5.0, "words_after_verb": 3.0, "words_before_verb": 2.0, "sentence_length": 20.0}, "document-document-level": {"word_count": 274.69999999999993, "sentence_count": 17.0, "lexical_diversity": 0.993530208113414}, "token-level-high": {"word_length": 5.0, "word_syllables": 1.0, "ortho_neighbors": 15.0, "ortho_neighbors_+freq_cum": 21280.730000000003, "age_of_acquisition": 5.1797619047619, "complexity": 2.0}, "token-level-low": {"familiarity": 5.85714285714286, "lexical_frequency": 0.2}}, "N4": {"sentence-token-level": {"max_size_aux_verbs": 2.0, "max_size_passive": 2.0, "max_size_named_entities": 3.6999999999999993, "max_size_np_pp_modifiers": 9.0, "max_size_subordination": 32.0, "max_size_coordination": 2.6999999999999993}, "document-token-level": {"total_token_ratio_aux_verbs": 0.0336029846868821, "total_token_ratio_passive": 0.007720198089847895, "total_token_ratio_named_entities": 0.07365021382751247, "total_token_ratio_subordination": 0.48332480207480205, "ratio_clitic_per_token": 0.07452438353846805, "ratio_post_clitic_pronouns_per_token": 0.0028186574289614684, "ratio_pre_clitic_pronouns_per_token": 0.07283424269339761, "ratio_named_entities_per_token": 0.04593469023278729, "ratio_aux_verbs_per_token": 0.015917231727837662, "ratio_subordination_per_token": 0.07486846177653977, "ratio_passive_per_token": 0.0038600990449239475, "sophisticated_ratio": 0.4632351210326023, "concrete_ratio": 0.4962465181058496, "hapax_legomena_lemma_ratio": 0.37333333333333335, "ratio_aux_verbs_per_verb": 0.17977272727272728, "ratio_subordination_per_verb": 0.7075595238095237, "ratio_passive_per_verb": 0.03871428571428571, "ratio_coordination_per_token": 0.038024542102399805, "total_token_ratio_coordination": 0.05042960088691796}, "sentence-level": {"parse_depth": 6.0, "words_after_verb": 3.0, "words_before_verb": 2.0, "sentence_length": 24.0}, "document-document-level": {"word_count": 310.7, "sentence_count": 17.0, "lexical_diversity": 0.9950077079391774}, "token-level-high": {"word_length": 5.0, "word_syllables": 1.0, "ortho_neighbors": 14.0, "ortho_neighbors_+freq_cum": 19149.1, "age_of_acquisition": 5.03448275862069, "complexity": 2.0}, "token-level-low": {"familiarity": 5.85714285714286, "lexical_frequency": 1e-10}}}