{"N1": {"sentence-token-level": {"max_size_aux_verbs": 2.0, "max_size_passive": 0.0, "max_size_named_entities": 4.0, "max_size_np_pp_modifiers": 16.4, "max_size_subordination": 11.0, "max_size_coordination": 2.4000000000000004}, "document-token-level": {"total_token_ratio_aux_verbs": 0.07543859649122807, "total_token_ratio_passive": 0.0, "total_token_ratio_named_entities": 0.20872093023255814, "total_token_ratio_subordination": 0.26375227686703095, "ratio_clitic_per_token": 0.14080418319509558, "ratio_post_clitic_pronouns_per_token": 0.012860520094562655, "ratio_pre_clitic_pronouns_per_token": 0.10789758384421205, "ratio_named_entities_per_token": 0.10479183032207384, "ratio_aux_verbs_per_token": 0.037719298245614034, "ratio_subordination_per_token": 0.04308116627265564, "ratio_passive_per_token": 0.0, "sophisticated_ratio": 0.6000000000000001, "concrete_ratio": 0.48526128154611126, "hapax_legomena_lemma_ratio": 0.5859282617264486, "ratio_aux_verbs_per_verb": 0.30000000000000004, "ratio_subordination_per_verb": 0.75, "ratio_passive_per_verb": 0.0, "ratio_coordination_per_token": 0.04895960832313342, "total_token_ratio_coordination": 0.0594859241126071}, "sentence-level": {"parse_depth": 5.0, "words_after_verb": 3.0, "words_before_verb": 3.0, "sentence_length": 15.400000000000006}, "document-document-level": {"word_count": 127.0, "sentence_count": 14.600000000000001, "lexical_diversity": 1.0}, "token-level-high": {"word_length": 6.0, "word_syllables": 2.0, "ortho_neighbors": 18.0, "ortho_neighbors_+freq_cum": 61689.729999999996, "age_of_acquisition": 5.78420467185762, "complexity": 2.0}, "token-level-low": {"familiarity": 5.47, "lexical_frequency": 1e-10}}, "N2": {"sentence-token-level": {"max_size_aux_verbs": 2.0, "max_size_passive": 2.0, "max_size_named_entities": 5.0, "max_size_np_pp_modifiers": 9.0, "max_size_subordination": 20.0, "max_size_coordination": 3.0}, "document-token-level": {"total_token_ratio_aux_verbs": 0.052301864801864814, "total_token_ratio_passive": 0.010416666666666666, "total_token_ratio_named_entities": 0.1388999476165532, "total_token_ratio_subordination": 0.39680672268907563, "ratio_clitic_per_token": 0.09473684210526317, "ratio_post_clitic_pronouns_per_token": 0.004288334556126193, "ratio_pre_clitic_pronouns_per_token": 0.09175058488454889, "ratio_named_entities_per_token": 0.08147681451612906, "ratio_aux_verbs_per_token": 0.025794491525423745, "ratio_subordination_per_token": 0.07095260029391771, "ratio_passive_per_token": 0.0045871559633027525, "sophisticated_ratio": 0.5623366013071895, "concrete_ratio": 0.5626744186046512, "hapax_legomena_lemma_ratio": 0.4098656178302197, "ratio_aux_verbs_per_verb": 0.25, "ratio_subordination_per_verb": 0.6666666666666666, "ratio_passive_per_verb": 0.047619047619047616, "ratio_coordination_per_token": 0.0494455664367641, "total_token_ratio_coordination": 0.06242211838006231}, "sentence-level": {"parse_depth": 5.0, "words_after_verb": 3.0, "words_before_verb": 3.0, "sentence_length": 19.0}, "document-document-level": {"word_count": 246.0, "sentence_count": 22.0, "lexical_diversity": 0.9940910973084887}, "token-level-high": {"word_length": 6.0, "word_syllables": 2.0, "ortho_neighbors": 18.0, "ortho_neighbors_+freq_cum": 35165.0, "age_of_acquisition": 5.78420467185762, "complexity": 2.0}, "token-level-low": {"familiarity": 5.28, "lexical_frequency": 1e-10}}, "N3": {"sentence-token-level": {"max_size_aux_verbs": 2.0, "max_size_passive": 2.0, "max_size_named_entities": 5.0, "max_size_np_pp_modifiers": 11.600000000000023, "max_size_subordination": 30.0, "max_size_coordination": 3.0}, "document-token-level": {"total_token_ratio_aux_verbs": 0.05551780821917811, "total_token_ratio_passive": 0.011848739495798321, "total_token_ratio_named_entities": 0.12345384084514521, "total_token_ratio_subordination": 0.4775087719298246, "ratio_clitic_per_token": 0.08514178504422412, "ratio_post_clitic_pronouns_per_token": 0.0040291497975708515, "ratio_pre_clitic_pronouns_per_token": 0.08231680561649848, "ratio_named_entities_per_token": 0.0689022461246441, "ratio_aux_verbs_per_token": 0.026758620689655177, "ratio_subordination_per_token": 0.07451992382850736, "ratio_passive_per_token": 0.00532272523532049, "sophisticated_ratio": 0.5320760249227708, "concrete_ratio": 0.5507957311364913, "hapax_legomena_lemma_ratio": 0.3876190476190477, "ratio_aux_verbs_per_verb": 0.26820512820512826, "ratio_subordination_per_verb": 0.7238888888888889, "ratio_passive_per_verb": 0.05, "ratio_coordination_per_token": 0.04506719834588687, "total_token_ratio_coordination": 0.06113360323886641}, "sentence-level": {"parse_depth": 6.0, "words_after_verb": 3.0, "words_before_verb": 3.0, "sentence_length": 25.0}, "document-document-level": {"word_count": 292.6, "sentence_count": 20.0, "lexical_diversity": 0.9966813643647121}, "token-level-high": {"word_length": 7.0, "word_syllables": 2.0, "ortho_neighbors": 18.0, "ortho_neighbors_+freq_cum": 35229.90999999999, "age_of_acquisition": 5.7119021134594, "complexity": 2.0}, "token-level-low": {"familiarity": 5.27, "lexical_frequency": 1e-10}}, "N4": {"sentence-token-level": {"max_size_aux_verbs": 2.0, "max_size_passive": 2.0, "max_size_named_entities": 4.0, "max_size_np_pp_modifiers": 10.0, "max_size_subordination": 38.60000000000001, "max_size_coordination": 3.8000000000000007}, "document-token-level": {"total_token_ratio_aux_verbs": 0.03890591645693687, "total_token_ratio_passive": 0.011189347976912746, "total_token_ratio_named_entities": 0.08579015046508909, "total_token_ratio_subordination": 0.5468181818181819, "ratio_clitic_per_token": 0.09161176987263944, "ratio_post_clitic_pronouns_per_token": 0.0031546985291218107, "ratio_pre_clitic_pronouns_per_token": 0.08841354723707666, "ratio_named_entities_per_token": 0.047880498524275346, "ratio_aux_verbs_per_token": 0.019085707937565963, "ratio_subordination_per_token": 0.08452423063318004, "ratio_passive_per_token": 0.005111261295086481, "sophisticated_ratio": 0.4751207729468599, "concrete_ratio": 0.5384810790105038, "hapax_legomena_lemma_ratio": 0.39225490862150963, "ratio_aux_verbs_per_verb": 0.221256038647343, "ratio_subordination_per_verb": 0.7534290271132377, "ratio_passive_per_verb": 0.058484848484848494, "ratio_coordination_per_token": 0.04668213920291483, "total_token_ratio_coordination": 0.06061927253643373}, "sentence-level": {"parse_depth": 7.0, "words_after_verb": 3.0, "words_before_verb": 3.0, "sentence_length": 31.0}, "document-document-level": {"word_count": 312.0, "sentence_count": 19.0, "lexical_diversity": 0.9971267474848904}, "token-level-high": {"word_length": 7.0, "word_syllables": 2.0, "ortho_neighbors": 17.0, "ortho_neighbors_+freq_cum": 33818.649999999994, "age_of_acquisition": 5.63515016685206, "complexity": 3.0}, "token-level-low": {"familiarity": 5.32000017166138, "lexical_frequency": 1e-10}}}